timestamp,dvol,dvol_open,dvol_high,dvol_low
2023-04-26 00:00:00+00:00,55.47,52.39,58.62,51.68
2023-04-27 00:00:00+00:00,55.07,55.46,56.97,53.47
2023-04-28 00:00:00+00:00,50.73,55.07,55.1,50.61
2023-04-29 00:00:00+00:00,50.68,50.73,51.01,50.1
2023-04-30 00:00:00+00:00,53.3,50.68,53.3,49.22
2023-05-01 00:00:00+00:00,53.19,53.3,55.07,53.02
2023-05-02 00:00:00+00:00,53.21,53.19,53.55,51.95
2023-05-03 00:00:00+00:00,52.92,53.21,54.41,50.94
2023-05-04 00:00:00+00:00,51.9,52.92,54.03,51.6
2023-05-05 00:00:00+00:00,51.67,51.9,52.6,51.41
2023-05-06 00:00:00+00:00,50.53,51.67,51.99,50.26
2023-05-07 00:00:00+00:00,51.68,50.53,51.72,49.72
2023-05-08 00:00:00+00:00,51.34,51.68,51.87,50.79
2023-05-09 00:00:00+00:00,51.98,51.34,52.02,51.07
2023-05-10 00:00:00+00:00,50.86,51.98,52.31,50.55
2023-05-11 00:00:00+00:00,51.21,50.86,51.98,48.61
2023-05-12 00:00:00+00:00,50.09,51.21,52.86,50.09
2023-05-13 00:00:00+00:00,48.35,50.09,50.09,48.23
2023-05-14 00:00:00+00:00,48.02,48.35,48.5,47.53
2023-05-15 00:00:00+00:00,52.28,48.02,53.18,47.94
2023-05-16 00:00:00+00:00,50.57,52.28,52.51,50.33
2023-05-17 00:00:00+00:00,49.72,50.57,50.57,49.16
2023-05-18 00:00:00+00:00,46.28,49.72,49.91,46.1
2023-05-19 00:00:00+00:00,46.52,46.28,46.95,45.07
2023-05-20 00:00:00+00:00,46.34,46.52,47.11,45.52
2023-05-21 00:00:00+00:00,47.02,46.34,47.63,45.51
2023-05-22 00:00:00+00:00,47.58,47.02,48.0,45.54
2023-05-23 00:00:00+00:00,50.08,47.58,50.25,46.2
2023-05-24 00:00:00+00:00,51.3,50.08,52.23,48.91
2023-05-25 00:00:00+00:00,47.77,51.3,51.56,47.31
2023-05-26 00:00:00+00:00,45.24,47.77,47.79,43.56
2023-05-27 00:00:00+00:00,43.09,45.24,45.3,42.98
2023-05-28 00:00:00+00:00,49.94,43.09,49.94,43.07
2023-05-29 00:00:00+00:00,47.12,49.94,50.57,46.34
2023-05-30 00:00:00+00:00,44.68,47.12,47.38,44.22
2023-05-31 00:00:00+00:00,43.93,44.68,45.94,43.69
2023-06-01 00:00:00+00:00,42.13,43.86,44.06,41.54
2023-06-02 00:00:00+00:00,41.4,42.13,43.61,39.89
2023-06-03 00:00:00+00:00,39.75,41.4,41.45,39.71
2023-06-04 00:00:00+00:00,41.69,39.75,41.73,38.95
2023-06-05 00:00:00+00:00,40.11,41.69,42.61,39.18
2023-06-06 00:00:00+00:00,43.65,40.11,43.65,39.76
2023-06-07 00:00:00+00:00,45.63,43.64,45.7,41.64
2023-06-08 00:00:00+00:00,41.35,45.63,46.13,41.35
2023-06-09 00:00:00+00:00,40.8,41.35,41.78,40.44
2023-06-10 00:00:00+00:00,43.37,40.8,43.66,40.57
2023-06-11 00:00:00+00:00,42.81,43.37,43.59,42.25
2023-06-12 00:00:00+00:00,46.45,42.81,46.46,39.85
2023-06-13 00:00:00+00:00,45.38,46.45,46.45,45.33
2023-06-14 00:00:00+00:00,44.66,45.38,47.54,42.05
2023-06-15 00:00:00+00:00,46.63,44.66,48.4,43.76
2023-06-16 00:00:00+00:00,45.06,46.63,46.78,43.14
2023-06-17 00:00:00+00:00,42.95,45.06,45.06,42.59
2023-06-18 00:00:00+00:00,45.41,42.95,45.71,42.53
2023-06-19 00:00:00+00:00,45.22,45.41,45.43,43.84
2023-06-20 00:00:00+00:00,52.71,45.22,53.13,45.14
2023-06-21 00:00:00+00:00,55.83,52.71,59.24,51.99
2023-06-22 00:00:00+00:00,51.05,55.83,56.2,50.91
2023-06-23 00:00:00+00:00,52.71,51.05,53.97,49.39
2023-06-24 00:00:00+00:00,49.15,52.71,52.75,44.6
2023-06-25 00:00:00+00:00,49.51,49.15,50.83,48.72
2023-06-26 00:00:00+00:00,49.51,49.51,52.12,48.66
2023-06-27 00:00:00+00:00,48.92,49.51,50.67,48.87
2023-06-28 00:00:00+00:00,48.44,48.92,48.92,46.94
2023-06-29 00:00:00+00:00,43.52,48.44,48.59,43.41
2023-06-30 00:00:00+00:00,46.06,43.52,47.17,42.92
2023-07-01 00:00:00+00:00,46.56,46.06,46.56,44.63
2023-07-02 00:00:00+00:00,47.88,46.56,47.89,46.54
2023-07-03 00:00:00+00:00,49.05,47.88,49.62,46.67
2023-07-04 00:00:00+00:00,46.61,48.16,48.18,46.47
2023-07-05 00:00:00+00:00,46.45,46.61,46.65,45.22
2023-07-06 00:00:00+00:00,47.96,46.45,49.92,45.36
2023-07-07 00:00:00+00:00,45.04,47.96,48.37,44.81
2023-07-08 00:00:00+00:00,44.01,45.04,45.27,43.55
2023-07-09 00:00:00+00:00,43.89,44.01,44.67,43.45
2023-07-10 00:00:00+00:00,44.26,43.89,44.83,43.55
2023-07-11 00:00:00+00:00,43.96,44.26,44.53,43.07
2023-07-12 00:00:00+00:00,41.26,43.96,46.49,41.23
2023-07-13 00:00:00+00:00,45.15,41.26,46.55,40.63
2023-07-14 00:00:00+00:00,42.21,45.15,45.45,42.08
2023-07-15 00:00:00+00:00,42.98,42.21,43.32,41.63
2023-07-16 00:00:00+00:00,42.1,42.98,43.03,42.01
2023-07-17 00:00:00+00:00,42.9,42.1,43.47,41.79
2023-07-18 00:00:00+00:00,42.67,42.9,43.57,42.06
2023-07-19 00:00:00+00:00,40.53,42.67,42.68,40.52
2023-07-20 00:00:00+00:00,41.62,40.53,42.05,40.08
2023-07-21 00:00:00+00:00,38.76,41.62,41.79,38.63
2023-07-22 00:00:00+00:00,39.07,38.76,39.31,37.36
2023-07-23 00:00:00+00:00,39.27,39.07,39.49,37.54
2023-07-24 00:00:00+00:00,38.25,39.27,39.65,37.58
2023-07-25 00:00:00+00:00,37.77,38.25,38.38,36.47
2023-07-26 00:00:00+00:00,38.15,37.77,39.35,37.58
2023-07-27 00:00:00+00:00,36.36,38.15,38.15,36.34
2023-07-28 00:00:00+00:00,35.47,36.36,36.55,35.05
2023-07-29 00:00:00+00:00,34.96,35.47,35.48,34.11
2023-07-30 00:00:00+00:00,36.33,34.96,36.4,34.96
2023-07-31 00:00:00+00:00,36.77,36.33,37.19,35.75
2023-08-01 00:00:00+00:00,36.56,36.17,37.07,35.59
2023-08-02 00:00:00+00:00,36.82,36.56,37.46,36.4
2023-08-03 00:00:00+00:00,36.21,36.82,37.08,35.74
2023-08-04 00:00:00+00:00,34.37,36.21,36.26,34.21
2023-08-05 00:00:00+00:00,33.79,34.37,34.6,33.42
2023-08-06 00:00:00+00:00,34.03,33.79,34.3,33.32
2023-08-07 00:00:00+00:00,36.29,34.03,36.75,33.93
2023-08-08 00:00:00+00:00,39.85,36.29,41.23,34.76
2023-08-09 00:00:00+00:00,38.73,39.85,40.64,38.51
2023-08-10 00:00:00+00:00,36.2,38.73,38.73,36.04
2023-08-11 00:00:00+00:00,32.74,36.2,36.22,32.74
2023-08-12 00:00:00+00:00,32.38,32.74,32.74,31.41
2023-08-13 00:00:00+00:00,33.76,32.38,33.76,32.18
2023-08-14 00:00:00+00:00,35.01,33.76,35.03,32.21
2023-08-15 00:00:00+00:00,34.58,35.01,36.53,34.43
2023-08-16 00:00:00+00:00,36.56,34.58,37.43,34.23
2023-08-17 00:00:00+00:00,52.3,36.56,53.59,36.3
2023-08-18 00:00:00+00:00,43.58,52.3,52.3,41.49
2023-08-19 00:00:00+00:00,43.01,43.58,43.97,36.62
2023-08-20 00:00:00+00:00,43.18,43.01,43.38,40.24
2023-08-21 00:00:00+00:00,42.63,43.18,43.92,42.3
2023-08-22 00:00:00+00:00,42.13,42.63,44.11,41.89
2023-08-23 00:00:00+00:00,43.38,42.13,44.02,40.05
2023-08-24 00:00:00+00:00,41.72,43.38,43.38,41.37
2023-08-25 00:00:00+00:00,36.31,41.72,42.18,36.25
2023-08-26 00:00:00+00:00,35.52,36.31,36.35,35.36
2023-08-27 00:00:00+00:00,36.05,35.52,36.3,35.24
2023-08-28 00:00:00+00:00,36.42,36.05,37.6,35.82
2023-08-29 00:00:00+00:00,40.6,36.42,44.99,36.08
2023-08-30 00:00:00+00:00,38.18,40.6,40.6,38.08
2023-08-31 00:00:00+00:00,35.98,38.18,39.52,35.98
2023-09-01 00:00:00+00:00,36.09,35.98,38.09,35.24
2023-09-02 00:00:00+00:00,35.57,36.09,36.4,35.39
2023-09-03 00:00:00+00:00,37.84,35.57,38.37,35.57
2023-09-04 00:00:00+00:00,38.3,37.84,38.85,37.14
2023-09-05 00:00:00+00:00,39.79,39.51,40.19,39.09
2023-09-06 00:00:00+00:00,39.41,39.79,40.83,37.77
2023-09-07 00:00:00+00:00,39.74,39.41,41.0,38.8
2023-09-08 00:00:00+00:00,40.0,39.74,41.31,39.45
2023-09-09 00:00:00+00:00,39.75,40.0,40.34,38.82
2023-09-10 00:00:00+00:00,40.52,39.75,41.65,39.42
2023-09-11 00:00:00+00:00,44.33,40.52,45.54,40.46
2023-09-12 00:00:00+00:00,43.57,44.33,44.83,41.62
2023-09-13 00:00:00+00:00,44.05,43.57,44.26,42.66
2023-09-14 00:00:00+00:00,41.71,44.05,44.23,41.14
2023-09-15 00:00:00+00:00,39.14,41.71,41.85,38.81
2023-09-16 00:00:00+00:00,39.52,39.14,39.61,38.72
2023-09-17 00:00:00+00:00,39.83,39.52,40.25,38.34
2023-09-18 00:00:00+00:00,41.48,39.83,43.03,39.54
2023-09-19 00:00:00+00:00,42.53,41.48,42.76,41.35
2023-09-20 00:00:00+00:00,43.01,42.53,43.83,41.96
2023-09-21 00:00:00+00:00,41.37,43.01,43.28,40.79
2023-09-22 00:00:00+00:00,37.29,41.37,41.42,36.8
2023-09-23 00:00:00+00:00,37.64,37.29,37.83,36.25
2023-09-24 00:00:00+00:00,38.6,37.64,39.92,36.61
2023-09-25 00:00:00+00:00,39.25,38.6,40.34,38.0
2023-09-26 00:00:00+00:00,38.67,39.25,40.45,38.51
2023-09-27 00:00:00+00:00,36.06,38.67,39.64,35.54
2023-09-28 00:00:00+00:00,38.63,36.06,40.38,35.39
2023-09-29 00:00:00+00:00,33.04,38.63,38.85,33.04
2023-09-30 00:00:00+00:00,35.89,33.04,35.93,32.33
2023-10-01 00:00:00+00:00,37.5,35.89,37.59,35.48
2023-10-02 00:00:00+00:00,38.17,37.49,40.8,36.2
2023-10-03 00:00:00+00:00,37.96,37.53,38.35,36.94
2023-10-04 00:00:00+00:00,37.28,37.96,38.19,37.04
2023-10-05 00:00:00+00:00,36.75,37.28,38.35,36.65
2023-10-06 00:00:00+00:00,35.06,36.75,36.8,34.47
2023-10-07 00:00:00+00:00,37.61,35.06,37.87,34.79
2023-10-08 00:00:00+00:00,37.85,37.61,38.01,36.29
2023-10-09 00:00:00+00:00,36.81,37.85,39.05,36.76
2023-10-10 00:00:00+00:00,38.53,36.81,39.06,36.67
2023-10-11 00:00:00+00:00,36.88,38.53,38.64,36.09
2023-10-12 00:00:00+00:00,35.19,36.88,37.82,35.16
2023-10-13 00:00:00+00:00,35.37,35.19,36.86,34.97
2023-10-14 00:00:00+00:00,36.53,35.37,36.57,34.82
2023-10-15 00:00:00+00:00,38.16,36.53,38.19,36.44
2023-10-16 00:00:00+00:00,42.63,38.17,45.18,36.27
2023-10-17 00:00:00+00:00,41.08,42.63,42.68,40.81
2023-10-18 00:00:00+00:00,39.24,41.08,41.09,39.21
2023-10-19 00:00:00+00:00,39.18,39.24,40.58,39.04
2023-10-20 00:00:00+00:00,44.26,39.18,46.59,39.08
2023-10-21 00:00:00+00:00,45.9,44.26,46.45,42.74
2023-10-22 00:00:00+00:00,48.81,45.9,48.92,45.14
2023-10-23 00:00:00+00:00,55.37,48.81,64.06,47.91
2023-10-24 00:00:00+00:00,54.19,55.37,63.84,53.06
2023-10-25 00:00:00+00:00,58.36,54.19,60.04,53.32
2023-10-26 00:00:00+00:00,55.02,58.36,60.82,54.75
2023-10-27 00:00:00+00:00,47.19,55.02,55.02,47.19
2023-10-28 00:00:00+00:00,50.23,47.19,50.41,47.16
2023-10-29 00:00:00+00:00,54.21,50.23,55.16,49.94
2023-10-30 00:00:00+00:00,53.89,54.21,57.29,53.07
2023-10-31 00:00:00+00:00,54.76,53.89,54.76,53.32
2023-11-01 00:00:00+00:00,59.78,54.76,60.03,54.57
2023-11-02 00:00:00+00:00,60.0,59.78,61.94,58.84
2023-11-03 00:00:00+00:00,57.89,60.0,60.62,57.33
2023-11-04 00:00:00+00:00,62.46,57.89,62.57,57.88
2023-11-05 00:00:00+00:00,60.1,62.46,62.77,59.36
2023-11-06 00:00:00+00:00,57.36,60.1,60.97,57.32
2023-11-07 00:00:00+00:00,55.48,55.68,57.02,52.02
2023-11-08 00:00:00+00:00,57.58,55.48,58.03,54.31
2023-11-09 00:00:00+00:00,58.87,57.58,65.12,57.53
2023-11-10 00:00:00+00:00,56.84,58.87,59.33,55.91
2023-11-11 00:00:00+00:00,58.09,56.84,58.09,56.41
2023-11-12 00:00:00+00:00,58.33,58.09,58.44,56.39
2023-11-13 00:00:00+00:00,56.26,58.33,59.04,56.12
2023-11-14 00:00:00+00:00,56.24,56.26,57.45,55.64
2023-11-15 00:00:00+00:00,60.51,56.24,60.51,54.0
2023-11-16 00:00:00+00:00,55.35,60.51,61.88,55.07
2023-11-17 00:00:00+00:00,55.4,55.35,56.53,54.48
2023-11-18 00:00:00+00:00,54.38,55.4,55.49,53.19
2023-11-19 00:00:00+00:00,56.54,54.38,57.04,53.5
2023-11-20 00:00:00+00:00,57.94,56.54,58.15,54.37
2023-11-21 00:00:00+00:00,55.72,57.94,59.34,55.34
2023-11-22 00:00:00+00:00,55.5,55.72,56.92,53.49
2023-11-23 00:00:00+00:00,53.87,55.5,55.91,53.59
2023-11-24 00:00:00+00:00,53.65,53.87,55.28,50.94
2023-11-25 00:00:00+00:00,52.13,53.65,53.68,51.51
2023-11-26 00:00:00+00:00,53.19,52.13,53.71,52.09
2023-11-27 00:00:00+00:00,50.62,53.19,53.28,50.39
2023-11-28 00:00:00+00:00,50.58,50.62,51.88,49.67
2023-11-29 00:00:00+00:00,51.9,50.58,52.37,50.33
2023-11-30 00:00:00+00:00,49.8,51.9,52.79,49.64
2023-12-01 00:00:00+00:00,51.46,49.8,52.41,49.61
2023-12-02 00:00:00+00:00,52.35,51.46,54.21,50.61
2023-12-03 00:00:00+00:00,54.72,52.35,56.16,52.12
2023-12-04 00:00:00+00:00,55.09,54.72,55.85,53.55
2023-12-05 00:00:00+00:00,55.71,55.09,55.72,53.08
2023-12-06 00:00:00+00:00,53.71,55.71,57.1,53.51
2023-12-07 00:00:00+00:00,52.4,53.71,54.02,52.29
2023-12-08 00:00:00+00:00,53.72,52.4,53.83,51.89
2023-12-09 00:00:00+00:00,53.98,53.72,54.33,52.75
2023-12-10 00:00:00+00:00,55.03,53.98,55.03,53.62
2023-12-11 00:00:00+00:00,55.59,55.03,58.92,54.25
2023-12-12 00:00:00+00:00,53.87,53.83,54.73,53.46
2023-12-13 00:00:00+00:00,53.46,53.87,54.77,52.95
2023-12-14 00:00:00+00:00,53.13,53.46,54.07,52.32
2023-12-15 00:00:00+00:00,54.15,53.13,54.9,52.53
2023-12-16 00:00:00+00:00,53.81,54.15,54.15,53.07
2023-12-17 00:00:00+00:00,54.6,53.81,54.89,53.31
2023-12-18 00:00:00+00:00,56.02,54.6,56.22,54.17
2023-12-19 00:00:00+00:00,57.62,56.02,57.67,56.02
2023-12-20 00:00:00+00:00,58.1,57.62,58.86,56.99
2023-12-21 00:00:00+00:00,58.63,57.24,59.09,57.24
2023-12-22 00:00:00+00:00,57.24,58.63,59.04,56.86
2023-12-23 00:00:00+00:00,56.97,57.24,57.31,56.39
2023-12-24 00:00:00+00:00,58.73,56.97,59.63,56.57
2023-12-25 00:00:00+00:00,58.26,58.73,59.4,56.57
2023-12-26 00:00:00+00:00,59.98,58.26,60.13,57.62
2023-12-27 00:00:00+00:00,64.35,59.98,64.6,59.69
2023-12-28 00:00:00+00:00,63.75,64.35,64.94,62.5
2023-12-29 00:00:00+00:00,62.5,63.75,64.26,61.38
2023-12-30 00:00:00+00:00,63.11,62.5,64.68,62.01
2023-12-31 00:00:00+00:00,64.71,63.11,64.98,62.61
2024-01-01 00:00:00+00:00,66.81,64.71,66.89,63.88
2024-01-02 00:00:00+00:00,63.75,66.81,68.04,63.73
2024-01-03 00:00:00+00:00,65.17,63.75,67.12,62.13
2024-01-04 00:00:00+00:00,65.34,65.17,66.59,63.74
2024-01-05 00:00:00+00:00,67.64,65.34,68.25,65.27
2024-01-06 00:00:00+00:00,71.39,67.64,72.33,66.75
2024-01-07 00:00:00+00:00,71.81,71.39,73.48,70.85
2024-01-08 00:00:00+00:00,67.16,71.81,73.59,67.15
2024-01-09 00:00:00+00:00,64.17,67.16,67.48,63.68
2024-01-10 00:00:00+00:00,62.7,64.17,68.04,61.79
2024-01-11 00:00:00+00:00,57.3,62.7,63.25,57.3
2024-01-12 00:00:00+00:00,57.42,57.3,58.36,54.8
2024-01-13 00:00:00+00:00,55.07,57.42,57.54,54.41
2024-01-14 00:00:00+00:00,56.87,55.07,56.91,54.7
2024-01-15 00:00:00+00:00,55.96,56.87,57.66,55.37
2024-01-16 00:00:00+00:00,55.16,56.2,56.5,54.0
2024-01-17 00:00:00+00:00,50.79,55.16,55.19,50.79
2024-01-18 00:00:00+00:00,48.31,50.79,50.79,46.81
2024-01-19 00:00:00+00:00,48.04,48.3,48.7,45.9
2024-01-20 00:00:00+00:00,47.96,48.05,48.21,45.64
2024-01-21 00:00:00+00:00,47.82,47.96,48.14,46.51
2024-01-22 00:00:00+00:00,48.98,47.82,49.04,47.24
2024-01-23 00:00:00+00:00,49.59,48.98,53.2,46.88
2024-01-24 00:00:00+00:00,47.54,49.59,50.23,47.19
2024-01-25 00:00:00+00:00,45.01,47.54,47.71,44.6
2024-01-26 00:00:00+00:00,43.73,45.01,45.64,43.34
2024-01-27 00:00:00+00:00,42.43,43.73,43.75,41.46
2024-01-28 00:00:00+00:00,45.25,42.43,45.85,42.43
2024-01-29 00:00:00+00:00,45.36,45.25,46.33,44.18
2024-01-30 00:00:00+00:00,46.91,45.36,47.29,45.25
2024-01-31 00:00:00+00:00,45.79,46.91,47.19,45.77
2024-02-01 00:00:00+00:00,44.76,45.79,46.07,44.32
2024-02-02 00:00:00+00:00,42.41,44.76,45.25,42.27
2024-02-03 00:00:00+00:00,41.52,42.41,42.98,41.46
2024-02-04 00:00:00+00:00,42.69,41.52,43.03,41.45
2024-02-05 00:00:00+00:00,42.37,42.69,43.34,41.78
2024-02-06 00:00:00+00:00,42.87,42.37,43.58,41.83
2024-02-07 00:00:00+00:00,43.82,42.87,44.09,41.81
2024-02-08 00:00:00+00:00,44.91,43.82,46.07,43.81
2024-02-09 00:00:00+00:00,47.79,44.91,48.67,44.74
2024-02-10 00:00:00+00:00,49.91,47.79,50.58,46.54
2024-02-11 00:00:00+00:00,51.29,49.91,51.52,49.46
2024-02-12 00:00:00+00:00,54.28,51.29,55.53,50.27
2024-02-13 00:00:00+00:00,52.19,54.56,55.31,52.1
2024-02-14 00:00:00+00:00,55.13,52.19,56.44,51.72
2024-02-15 00:00:00+00:00,55.08,55.13,57.37,54.38
2024-02-16 00:00:00+00:00,55.24,55.08,55.9,54.05
2024-02-17 00:00:00+00:00,56.24,55.24,56.31,54.37
2024-02-18 00:00:00+00:00,57.24,56.24,57.57,54.97
2024-02-19 00:00:00+00:00,56.83,57.24,57.55,55.62
2024-02-20 00:00:00+00:00,55.63,56.83,57.83,55.59
2024-02-21 00:00:00+00:00,54.01,55.63,55.63,53.1
2024-02-22 00:00:00+00:00,55.38,54.01,55.76,52.89
2024-02-23 00:00:00+00:00,52.23,55.38,55.54,51.54
2024-02-24 00:00:00+00:00,54.18,52.23,54.96,52.13
2024-02-25 00:00:00+00:00,55.17,54.18,56.59,54.13
2024-02-26 00:00:00+00:00,56.05,55.17,57.09,54.46
2024-02-27 00:00:00+00:00,58.36,56.05,62.57,56.05
2024-02-28 00:00:00+00:00,67.76,58.36,73.6,54.99
2024-02-29 00:00:00+00:00,65.54,67.76,73.2,65.32
2024-03-01 00:00:00+00:00,65.37,65.54,66.45,63.23
2024-03-02 00:00:00+00:00,65.82,65.37,65.82,64.08
2024-03-03 00:00:00+00:00,71.72,65.82,71.84,65.52
2024-03-04 00:00:00+00:00,74.81,71.71,78.68,70.73
2024-03-05 00:00:00+00:00,73.19,74.81,77.17,73.14
2024-03-06 00:00:00+00:00,74.85,73.19,77.52,70.88
2024-03-07 00:00:00+00:00,69.68,74.85,75.08,69.68
2024-03-08 00:00:00+00:00,71.87,69.68,76.0,68.52
2024-03-09 00:00:00+00:00,75.04,72.11,75.44,71.47
2024-03-10 00:00:00+00:00,80.12,75.04,80.85,74.92
2024-03-11 00:00:00+00:00,83.02,80.12,85.28,77.26
2024-03-12 00:00:00+00:00,78.08,83.02,83.03,76.37
2024-03-13 00:00:00+00:00,77.5,78.08,81.86,77.19
2024-03-14 00:00:00+00:00,74.58,77.5,77.9,73.09
2024-03-15 00:00:00+00:00,76.7,74.58,78.25,73.22
2024-03-16 00:00:00+00:00,75.73,76.71,77.01,70.95
2024-03-17 00:00:00+00:00,75.93,75.73,78.14,75.69
2024-03-18 00:00:00+00:00,74.08,75.93,77.81,73.26
2024-03-19 00:00:00+00:00,76.61,74.08,76.61,71.35
2024-03-20 00:00:00+00:00,77.73,76.61,79.78,75.28
2024-03-21 00:00:00+00:00,75.26,77.73,78.12,74.29
2024-03-22 00:00:00+00:00,72.46,75.26,75.55,71.72
2024-03-23 00:00:00+00:00,73.68,72.46,74.63,72.15
2024-03-24 00:00:00+00:00,72.62,73.68,74.62,71.77
2024-03-25 00:00:00+00:00,76.25,72.62,77.0,72.45
2024-03-26 00:00:00+00:00,75.39,76.25,76.63,75.13
2024-03-27 00:00:00+00:00,75.78,75.39,76.52,74.11
2024-03-28 00:00:00+00:00,76.53,75.78,77.25,75.57
2024-03-29 00:00:00+00:00,73.11,76.53,76.68,72.9
2024-03-30 00:00:00+00:00,74.93,73.11,75.87,71.67
2024-03-31 00:00:00+00:00,76.64,74.93,76.91,74.91
2024-04-01 00:00:00+00:00,73.81,76.64,76.83,73.49
2024-04-02 00:00:00+00:00,74.37,73.81,75.34,73.58
2024-04-03 00:00:00+00:00,72.45,74.38,74.72,72.15
2024-04-04 00:00:00+00:00,72.31,72.45,72.73,69.99
2024-04-05 00:00:00+00:00,71.96,72.31,73.54,71.68
2024-04-06 00:00:00+00:00,72.3,71.96,73.54,71.66
2024-04-07 00:00:00+00:00,77.43,72.3,77.44,72.26
2024-04-08 00:00:00+00:00,76.25,77.43,79.77,74.72
2024-04-09 00:00:00+00:00,73.69,76.25,76.3,73.68
2024-04-10 00:00:00+00:00,72.32,73.69,74.1,72.12
2024-04-11 00:00:00+00:00,68.42,72.32,72.36,68.23
2024-04-12 00:00:00+00:00,66.94,68.42,68.76,65.71
2024-04-13 00:00:00+00:00,72.95,66.94,74.89,66.76
2024-04-14 00:00:00+00:00,71.99,72.95,73.79,71.3
2024-04-15 00:00:00+00:00,70.48,71.99,72.97,68.4
2024-04-16 00:00:00+00:00,70.88,70.48,73.61,70.38
2024-04-17 00:00:00+00:00,70.72,70.88,71.79,67.83
2024-04-18 00:00:00+00:00,69.98,70.72,71.22,67.89
2024-04-19 00:00:00+00:00,70.4,69.98,73.06,68.88
2024-04-20 00:00:00+00:00,71.98,70.4,73.0,68.49
2024-04-21 00:00:00+00:00,72.05,71.98,72.42,71.37
2024-04-22 00:00:00+00:00,69.37,72.05,72.06,69.1
2024-04-23 00:00:00+00:00,64.16,69.37,69.42,64.11
2024-04-24 00:00:00+00:00,62.44,64.16,66.04,62.39
2024-04-25 00:00:00+00:00,59.29,62.44,62.44,57.82
2024-04-26 00:00:00+00:00,55.12,59.29,59.43,54.23
2024-04-27 00:00:00+00:00,54.69,55.12,55.97,54.21
2024-04-28 00:00:00+00:00,56.79,54.68,57.27,53.89
2024-04-29 00:00:00+00:00,55.33,56.79,56.92,55.09
2024-04-30 00:00:00+00:00,59.81,55.33,62.84,52.22
2024-05-01 00:00:00+00:00,61.22,59.81,63.57,58.29
2024-05-02 00:00:00+00:00,56.77,61.22,62.23,55.84
2024-05-03 00:00:00+00:00,55.88,56.77,57.08,54.3
2024-05-04 00:00:00+00:00,56.89,55.88,58.3,55.88
2024-05-05 00:00:00+00:00,58.65,56.89,59.46,56.53
2024-05-06 00:00:00+00:00,55.57,58.65,59.08,55.56
2024-05-07 00:00:00+00:00,53.76,55.57,56.04,53.72
2024-05-08 00:00:00+00:00,55.43,53.76,55.49,52.28
2024-05-09 00:00:00+00:00,52.17,55.43,55.48,52.15
2024-05-10 00:00:00+00:00,54.27,52.17,55.02,50.76
2024-05-11 00:00:00+00:00,54.17,54.27,54.49,52.64
2024-05-12 00:00:00+00:00,54.52,54.17,55.82,53.9
2024-05-13 00:00:00+00:00,56.13,54.52,57.73,54.4
2024-05-14 00:00:00+00:00,56.23,56.13,57.09,55.61
2024-05-15 00:00:00+00:00,58.61,56.23,60.82,55.67
2024-05-16 00:00:00+00:00,57.49,58.61,58.72,57.24
2024-05-17 00:00:00+00:00,55.26,57.49,57.67,54.81
2024-05-18 00:00:00+00:00,56.67,55.26,57.31,55.14
2024-05-19 00:00:00+00:00,57.32,56.67,57.62,56.38
2024-05-20 00:00:00+00:00,61.94,57.32,61.94,56.76
2024-05-21 00:00:00+00:00,58.59,61.94,62.13,58.18
2024-05-22 00:00:00+00:00,56.8,58.59,59.7,55.95
2024-05-23 00:00:00+00:00,53.18,56.8,56.86,53.16
2024-05-24 00:00:00+00:00,52.29,53.18,53.29,51.0
2024-05-25 00:00:00+00:00,52.21,52.29,52.82,51.69
2024-05-26 00:00:00+00:00,53.73,52.21,53.78,52.09
2024-05-27 00:00:00+00:00,53.91,53.73,54.86,52.34
2024-05-28 00:00:00+00:00,54.76,53.91,55.85,52.89
2024-05-29 00:00:00+00:00,53.24,54.76,55.13,52.85
2024-05-30 00:00:00+00:00,53.27,53.24,53.57,52.13
2024-05-31 00:00:00+00:00,51.99,53.27,53.27,50.23
2024-06-01 00:00:00+00:00,50.68,51.99,52.0,49.97
2024-06-02 00:00:00+00:00,51.11,50.68,51.67,50.39
2024-06-03 00:00:00+00:00,52.77,51.11,53.78,50.9
2024-06-04 00:00:00+00:00,53.95,51.71,54.77,51.52
2024-06-05 00:00:00+00:00,55.62,53.95,57.13,53.94
2024-06-06 00:00:00+00:00,51.87,55.62,55.72,51.81
2024-06-07 00:00:00+00:00,50.02,51.87,54.27,50.02
2024-06-08 00:00:00+00:00,50.34,50.01,51.28,49.67
2024-06-09 00:00:00+00:00,51.79,50.34,52.12,49.74
2024-06-10 00:00:00+00:00,50.88,51.79,52.16,50.79
2024-06-11 00:00:00+00:00,52.49,50.88,53.05,50.44
2024-06-12 00:00:00+00:00,50.56,52.49,53.9,50.51
2024-06-13 00:00:00+00:00,49.23,50.56,50.65,48.57
2024-06-14 00:00:00+00:00,48.56,49.23,49.87,47.45
2024-06-15 00:00:00+00:00,48.03,48.56,49.47,47.68
2024-06-16 00:00:00+00:00,47.9,48.03,48.35,47.83
2024-06-17 00:00:00+00:00,48.81,47.9,49.55,47.9
2024-06-18 00:00:00+00:00,50.06,48.81,50.52,48.33
2024-06-19 00:00:00+00:00,48.6,50.06,51.05,48.57
2024-06-20 00:00:00+00:00,48.28,48.6,49.39,48.28
2024-06-21 00:00:00+00:00,47.11,48.28,48.4,46.25
2024-06-22 00:00:00+00:00,46.43,47.11,47.24,46.16
2024-06-23 00:00:00+00:00,48.23,46.43,48.33,46.09
2024-06-24 00:00:00+00:00,50.96,49.32,53.06,49.13
2024-06-25 00:00:00+00:00,48.14,50.96,50.97,47.82
2024-06-26 00:00:00+00:00,47.05,48.14,48.14,46.66
2024-06-27 00:00:00+00:00,47.94,47.05,48.07,46.58
2024-06-28 00:00:00+00:00,45.4,47.94,47.98,44.38
2024-06-29 00:00:00+00:00,43.47,45.4,45.59,43.23
2024-06-30 00:00:00+00:00,45.44,43.47,45.9,43.35
2024-07-01 00:00:00+00:00,44.71,45.44,45.45,43.76
2024-07-02 00:00:00+00:00,42.33,44.71,44.81,42.29
2024-07-03 00:00:00+00:00,45.36,41.41,45.88,41.23
2024-07-04 00:00:00+00:00,47.53,45.36,49.94,45.22
2024-07-05 00:00:00+00:00,48.98,47.53,54.86,47.53
2024-07-06 00:00:00+00:00,48.21,48.98,49.84,47.65
2024-07-07 00:00:00+00:00,50.99,48.21,51.44,47.99
2024-07-08 00:00:00+00:00,51.03,50.99,53.54,50.4
2024-07-09 00:00:00+00:00,50.05,51.03,52.16,50.04
2024-07-10 00:00:00+00:00,48.69,50.05,50.21,48.45
2024-07-11 00:00:00+00:00,48.54,48.69,49.2,48.14
2024-07-12 00:00:00+00:00,46.32,48.54,48.54,46.14
2024-07-13 00:00:00+00:00,49.18,46.32,49.18,45.17
2024-07-14 00:00:00+00:00,49.3,49.18,51.07,48.5
2024-07-15 00:00:00+00:00,54.52,49.3,54.56,48.89
2024-07-16 00:00:00+00:00,56.49,54.52,56.54,54.13
2024-07-17 00:00:00+00:00,58.28,56.49,62.85,56.49
2024-07-18 00:00:00+00:00,57.1,58.28,58.3,55.87
2024-07-19 00:00:00+00:00,60.8,57.1,62.25,55.99
2024-07-20 00:00:00+00:00,62.65,60.8,63.03,59.26
2024-07-21 00:00:00+00:00,66.0,62.65,68.45,61.46
2024-07-22 00:00:00+00:00,67.63,66.0,68.27,61.61
2024-07-23 00:00:00+00:00,63.91,67.63,68.62,63.9
2024-07-24 00:00:00+00:00,61.39,63.91,63.97,61.14
2024-07-25 00:00:00+00:00,61.81,61.39,62.34,59.83
2024-07-26 00:00:00+00:00,60.1,61.81,62.69,59.66
2024-07-27 00:00:00+00:00,55.04,60.1,60.56,54.92
2024-07-28 00:00:00+00:00,52.65,55.04,55.24,51.52
2024-07-29 00:00:00+00:00,51.73,52.65,56.35,51.73
2024-07-30 00:00:00+00:00,50.62,51.73,51.73,49.49
2024-07-31 00:00:00+00:00,48.73,50.62,50.65,48.54
2024-08-01 00:00:00+00:00,49.81,48.73,50.43,47.23
2024-08-02 00:00:00+00:00,51.4,49.81,51.49,46.91
2024-08-03 00:00:00+00:00,51.45,51.41,52.18,48.92
2024-08-04 00:00:00+00:00,56.13,51.45,56.98,51.23
2024-08-05 00:00:00+00:00,63.08,56.13,92.71,56.02
2024-08-06 00:00:00+00:00,61.54,63.08,63.21,59.24
2024-08-07 00:00:00+00:00,60.88,61.54,61.54,58.44
2024-08-08 00:00:00+00:00,56.81,60.73,60.99,55.56
2024-08-09 00:00:00+00:00,55.02,56.8,56.86,54.44
2024-08-10 00:00:00+00:00,56.28,55.02,56.51,54.33
2024-08-11 00:00:00+00:00,57.11,56.28,57.24,55.74
2024-08-12 00:00:00+00:00,57.48,57.11,58.41,56.9
2024-08-13 00:00:00+00:00,56.92,57.48,57.8,56.68
2024-08-14 00:00:00+00:00,55.31,56.92,57.4,55.3
2024-08-15 00:00:00+00:00,55.64,55.31,55.91,53.43
2024-08-16 00:00:00+00:00,53.12,55.64,55.65,53.12
2024-08-17 00:00:00+00:00,53.71,53.12,53.87,52.3
2024-08-18 00:00:00+00:00,55.32,53.71,55.72,53.67
2024-08-19 00:00:00+00:00,53.68,54.4,54.44,53.67
2024-08-20 00:00:00+00:00,54.06,53.68,54.44,52.91
2024-08-21 00:00:00+00:00,54.68,54.06,55.77,53.88
2024-08-22 00:00:00+00:00,53.99,54.68,55.49,53.84
2024-08-23 00:00:00+00:00,55.43,53.99,55.85,52.27
2024-08-24 00:00:00+00:00,55.14,55.43,55.51,53.99
2024-08-25 00:00:00+00:00,54.2,55.14,55.92,53.85
2024-08-26 00:00:00+00:00,51.58,54.2,54.34,50.77
2024-08-27 00:00:00+00:00,52.69,51.58,55.13,49.13
2024-08-28 00:00:00+00:00,52.91,52.69,54.86,50.98
2024-08-29 00:00:00+00:00,52.98,52.91,53.58,51.7
2024-08-30 00:00:00+00:00,51.96,52.98,53.22,50.5
2024-08-31 00:00:00+00:00,50.48,51.96,51.96,50.14
2024-09-01 00:00:00+00:00,54.36,50.48,54.42,50.3
2024-09-02 00:00:00+00:00,52.92,54.36,54.72,52.89
2024-09-03 00:00:00+00:00,55.29,52.78,55.73,52.57
2024-09-04 00:00:00+00:00,55.73,55.29,58.72,55.08
2024-09-05 00:00:00+00:00,56.79,55.73,57.3,55.51
2024-09-06 00:00:00+00:00,59.46,56.79,60.77,56.06
2024-09-07 00:00:00+00:00,58.84,59.45,59.45,57.91
2024-09-08 00:00:00+00:00,59.32,58.84,59.32,57.75
2024-09-09 00:00:00+00:00,58.82,59.32,59.35,58.01
2024-09-10 00:00:00+00:00,57.18,58.82,58.83,56.61
2024-09-11 00:00:00+00:00,54.84,57.18,57.2,54.09
2024-09-12 00:00:00+00:00,53.96,54.84,55.56,53.81
2024-09-13 00:00:00+00:00,52.51,53.96,54.26,52.4
2024-09-14 00:00:00+00:00,52.48,52.51,53.01,51.68
2024-09-15 00:00:00+00:00,53.21,52.48,53.49,52.42
2024-09-16 00:00:00+00:00,53.29,53.21,54.18,52.81
2024-09-17 00:00:00+00:00,53.12,53.29,55.12,53.12
2024-09-18 00:00:00+00:00,51.59,53.12,55.24,51.38
2024-09-19 00:00:00+00:00,51.95,51.59,52.67,50.38
2024-09-20 00:00:00+00:00,50.15,51.95,52.89,49.91
2024-09-21 00:00:00+00:00,51.04,50.15,51.04,49.99
2024-09-22 00:00:00+00:00,51.13,51.04,51.34,50.05
2024-09-23 00:00:00+00:00,50.45,51.13,51.58,50.38
2024-09-24 00:00:00+00:00,51.52,50.45,51.6,50.06
2024-09-25 00:00:00+00:00,49.75,51.52,51.67,49.52
2024-09-26 00:00:00+00:00,52.38,49.75,52.52,49.6
2024-09-27 00:00:00+00:00,51.91,52.38,53.39,51.29
2024-09-28 00:00:00+00:00,52.6,51.91,52.67,51.84
2024-09-29 00:00:00+00:00,54.02,52.6,54.16,52.47
2024-09-30 00:00:00+00:00,54.21,54.02,55.56,53.63
2024-10-01 00:00:00+00:00,56.64,54.21,57.23,54.19
2024-10-02 00:00:00+00:00,56.35,56.64,57.34,56.06
2024-10-03 00:00:00+00:00,57.45,56.35,57.78,55.97
2024-10-04 00:00:00+00:00,55.53,57.45,57.98,55.29
2024-10-05 00:00:00+00:00,55.41,55.53,56.11,54.85
2024-10-06 00:00:00+00:00,57.17,55.41,57.84,55.05
2024-10-07 00:00:00+00:00,56.6,57.17,57.45,55.48
2024-10-08 00:00:00+00:00,55.63,55.72,56.01,54.35
2024-10-09 00:00:00+00:00,56.11,55.63,56.85,55.52
2024-10-10 00:00:00+00:00,54.97,56.12,56.64,54.47
2024-10-11 00:00:00+00:00,57.51,54.97,57.63,54.66
2024-10-12 00:00:00+00:00,56.84,57.52,57.52,55.97
2024-10-13 00:00:00+00:00,57.14,56.84,58.1,56.45
2024-10-14 00:00:00+00:00,57.85,57.14,59.53,57.05
2024-10-15 00:00:00+00:00,58.15,57.85,59.48,56.4
2024-10-16 00:00:00+00:00,57.44,58.15,60.16,57.18
2024-10-17 00:00:00+00:00,56.4,57.44,58.17,55.91
2024-10-18 00:00:00+00:00,55.18,56.4,56.53,54.44
2024-10-19 00:00:00+00:00,54.7,55.18,55.34,53.77
2024-10-20 00:00:00+00:00,56.66,54.7,57.3,54.52
2024-10-21 00:00:00+00:00,55.69,56.66,57.2,54.29
2024-10-22 00:00:00+00:00,55.77,55.7,55.92,54.61
2024-10-23 00:00:00+00:00,56.29,55.77,56.55,54.53
2024-10-24 00:00:00+00:00,57.3,56.29,57.31,54.37
2024-10-25 00:00:00+00:00,58.08,57.3,58.09,54.62
2024-10-26 00:00:00+00:00,55.36,58.08,58.11,54.66
2024-10-27 00:00:00+00:00,57.18,55.36,57.32,55.16
2024-10-28 00:00:00+00:00,57.78,57.18,57.81,55.42
2024-10-29 00:00:00+00:00,59.83,57.78,60.71,57.13
2024-10-30 00:00:00+00:00,59.11,58.81,59.24,57.48
2024-10-31 00:00:00+00:00,58.23,59.11,60.11,57.97
2024-11-01 00:00:00+00:00,59.77,58.23,59.95,57.92
2024-11-02 00:00:00+00:00,60.26,59.77,61.17,59.72
2024-11-03 00:00:00+00:00,62.49,60.26,64.06,59.65
2024-11-04 00:00:00+00:00,64.97,62.49,64.97,61.77
2024-11-05 00:00:00+00:00,63.71,64.97,65.56,61.74
2024-11-06 00:00:00+00:00,55.97,63.71,63.95,54.52
2024-11-07 00:00:00+00:00,53.55,55.97,55.97,53.25
2024-11-08 00:00:00+00:00,49.85,53.55,53.89,49.53
2024-11-09 00:00:00+00:00,50.54,49.85,50.6,49.43
2024-11-10 00:00:00+00:00,53.28,50.54,53.97,50.25
2024-11-11 00:00:00+00:00,61.52,53.28,61.76,51.36
2024-11-12 00:00:00+00:00,57.69,61.52,62.28,57.65
2024-11-13 00:00:00+00:00,58.54,57.69,62.34,56.01
2024-11-14 00:00:00+00:00,59.46,58.54,61.79,57.03
2024-11-15 00:00:00+00:00,56.29,59.46,61.71,56.29
2024-11-16 00:00:00+00:00,56.84,56.07,58.23,56.05
2024-11-17 00:00:00+00:00,57.23,56.84,58.25,55.61
2024-11-18 00:00:00+00:00,58.3,57.23,59.76,57.13
2024-11-19 00:00:00+00:00,58.25,58.3,60.25,57.62
2024-11-20 00:00:00+00:00,60.18,58.25,62.64,57.71
2024-11-21 00:00:00+00:00,61.29,60.18,66.84,60.12
2024-11-22 00:00:00+00:00,60.78,61.29,64.09,60.47
2024-11-23 00:00:00+00:00,60.89,60.78,61.71,59.87
2024-11-24 00:00:00+00:00,64.09,60.89,64.44,59.94
2024-11-25 00:00:00+00:00,60.65,64.09,64.34,60.46
2024-11-26 00:00:00+00:00,61.23,60.65,62.18,57.73
2024-11-27 00:00:00+00:00,59.73,61.23,61.34,58.51
2024-11-28 00:00:00+00:00,57.55,59.73,60.08,56.43
2024-11-29 00:00:00+00:00,56.11,57.57,58.82,55.19
2024-11-30 00:00:00+00:00,55.17,56.29,56.57,54.65
2024-12-01 00:00:00+00:00,57.2,55.17,57.43,55.12
2024-12-02 00:00:00+00:00,55.94,57.2,58.24,55.85
2024-12-03 00:00:00+00:00,56.5,56.77,56.98,55.21
2024-12-04 00:00:00+00:00,57.17,56.5,57.76,54.85
2024-12-05 00:00:00+00:00,60.96,57.17,64.09,56.14
2024-12-06 00:00:00+00:00,58.44,60.96,61.45,56.88
2024-12-07 00:00:00+00:00,57.2,58.44,58.65,56.18
2024-12-08 00:00:00+00:00,58.15,57.2,58.15,56.38
2024-12-09 00:00:00+00:00,59.74,58.15,59.8,58.12
2024-12-10 00:00:00+00:00,59.18,59.74,60.23,57.56
2024-12-11 00:00:00+00:00,59.94,59.18,61.53,59.18
2024-12-12 00:00:00+00:00,60.14,59.94,61.66,59.12
2024-12-13 00:00:00+00:00,59.0,60.14,60.32,58.3
2024-12-14 00:00:00+00:00,58.08,59.0,59.94,57.66
2024-12-15 00:00:00+00:00,60.65,58.08,60.92,57.88
2024-12-16 00:00:00+00:00,58.54,60.65,61.74,58.52
2024-12-17 00:00:00+00:00,59.51,58.54,59.72,57.7
2024-12-18 00:00:00+00:00,60.49,59.51,60.52,58.67
2024-12-19 00:00:00+00:00,59.6,60.56,60.82,58.43
2024-12-20 00:00:00+00:00,58.87,59.6,64.45,58.66
2024-12-21 00:00:00+00:00,57.87,58.87,60.18,57.34
2024-12-22 00:00:00+00:00,61.43,57.87,61.43,57.71
2024-12-23 00:00:00+00:00,60.21,61.43,64.59,59.28
2024-12-24 00:00:00+00:00,60.83,60.21,61.79,59.92
2024-12-25 00:00:00+00:00,60.73,60.83,61.31,59.96
2024-12-26 00:00:00+00:00,61.67,60.73,61.75,59.44
2024-12-27 00:00:00+00:00,60.61,61.67,62.34,59.53
2024-12-28 00:00:00+00:00,60.43,60.61,60.62,59.64
2024-12-29 00:00:00+00:00,60.48,60.43,61.02,59.75
2024-12-30 00:00:00+00:00,61.03,60.48,61.28,59.53
2024-12-31 00:00:00+00:00,60.03,61.03,61.68,59.78
2025-01-01 00:00:00+00:00,61.1,60.03,61.14,59.57
2025-01-02 00:00:00+00:00,59.85,61.1,61.67,59.73
2025-01-03 00:00:00+00:00,58.74,59.85,60.53,58.44
2025-01-04 00:00:00+00:00,59.87,58.74,60.01,58.68
2025-01-05 00:00:00+00:00,59.55,59.87,60.09,59.23
2025-01-06 00:00:00+00:00,58.84,59.55,60.09,58.52
2025-01-07 00:00:00+00:00,58.6,58.84,59.35,58.04
2025-01-08 00:00:00+00:00,58.47,57.86,59.72,57.76
2025-01-09 00:00:00+00:00,59.47,58.47,59.78,57.63
2025-01-10 00:00:00+00:00,57.19,59.47,59.76,57.04
2025-01-11 00:00:00+00:00,58.52,57.19,58.7,57.16
2025-01-12 00:00:00+00:00,59.57,58.52,59.7,58.17
2025-01-13 00:00:00+00:00,61.25,59.57,61.31,59.36
2025-01-14 00:00:00+00:00,60.87,61.25,62.87,60.78
2025-01-15 00:00:00+00:00,61.23,60.87,61.93,60.85
2025-01-16 00:00:00+00:00,62.56,61.23,63.15,60.01
2025-01-17 00:00:00+00:00,63.19,62.56,63.75,61.13
2025-01-18 00:00:00+00:00,65.04,63.19,65.43,62.13
2025-01-19 00:00:00+00:00,66.02,65.04,67.79,65.04
2025-01-20 00:00:00+00:00,63.07,66.02,71.28,62.34
2025-01-21 00:00:00+00:00,61.92,63.07,64.18,61.19
2025-01-22 00:00:00+00:00,61.04,61.92,62.44,60.69
2025-01-23 00:00:00+00:00,60.08,61.04,63.2,59.49
2025-01-24 00:00:00+00:00,57.37,60.08,60.08,57.33
2025-01-25 00:00:00+00:00,57.05,57.37,57.39,56.19
2025-01-26 00:00:00+00:00,56.74,57.05,57.61,56.55
2025-01-27 00:00:00+00:00,59.05,56.74,60.23,56.46
2025-01-28 00:00:00+00:00,56.2,59.05,59.15,56.17
2025-01-29 00:00:00+00:00,56.15,56.2,57.05,55.6
2025-01-30 00:00:00+00:00,54.64,56.15,56.88,53.94
2025-01-31 00:00:00+00:00,53.32,54.64,54.73,51.9
2025-02-01 00:00:00+00:00,53.77,53.32,54.14,51.05
2025-02-02 00:00:00+00:00,57.04,53.77,58.66,53.4
2025-02-03 00:00:00+00:00,56.94,57.04,61.94,55.87
2025-02-04 00:00:00+00:00,54.03,55.61,57.12,54.01
2025-02-05 00:00:00+00:00,54.53,54.03,54.92,53.02
2025-02-06 00:00:00+00:00,53.91,54.53,54.89,53.21
2025-02-07 00:00:00+00:00,54.17,53.9,54.41,52.26
2025-02-08 00:00:00+00:00,53.49,54.17,54.18,52.92
2025-02-09 00:00:00+00:00,54.21,53.49,54.66,53.04
2025-02-10 00:00:00+00:00,52.4,54.21,54.44,52.4
2025-02-11 00:00:00+00:00,54.23,52.4,54.67,52.08
2025-02-12 00:00:00+00:00,51.49,54.23,54.32,51.19
2025-02-13 00:00:00+00:00,51.76,51.49,53.4,51.27
2025-02-14 00:00:00+00:00,51.6,51.77,52.4,50.1
2025-02-15 00:00:00+00:00,50.61,51.6,51.6,50.13
2025-02-16 00:00:00+00:00,50.84,50.61,51.28,50.52
2025-02-17 00:00:00+00:00,51.73,50.84,52.06,50.46
2025-02-18 00:00:00+00:00,51.69,51.73,53.2,50.96
2025-02-19 00:00:00+00:00,49.15,51.69,51.69,49.02
2025-02-20 00:00:00+00:00,49.06,49.15,50.66,48.1
2025-02-21 00:00:00+00:00,48.71,49.06,49.43,47.02
2025-02-22 00:00:00+00:00,48.6,48.71,49.05,48.33
2025-02-23 00:00:00+00:00,48.47,48.6,48.75,47.23
2025-02-24 00:00:00+00:00,47.07,48.47,48.47,46.17
2025-02-25 00:00:00+00:00,48.59,47.07,52.75,46.94
2025-02-26 00:00:00+00:00,51.3,48.59,51.63,47.69
2025-02-27 00:00:00+00:00,51.68,51.3,52.82,49.06
2025-02-28 00:00:00+00:00,50.76,51.68,59.36,50.53
2025-03-01 00:00:00+00:00,51.87,50.76,53.56,50.08
2025-03-02 00:00:00+00:00,55.47,51.87,58.89,51.62
2025-03-03 00:00:00+00:00,59.48,55.47,59.8,53.07
2025-03-04 00:00:00+00:00,62.07,59.48,62.67,58.26
2025-03-05 00:00:00+00:00,57.6,62.07,62.27,57.13
2025-03-06 00:00:00+00:00,60.15,57.83,60.35,56.4
2025-03-07 00:00:00+00:00,54.32,60.15,60.78,53.2
2025-03-08 00:00:00+00:00,52.66,54.32,54.56,51.86
2025-03-09 00:00:00+00:00,59.1,52.66,59.34,52.39
2025-03-10 00:00:00+00:00,59.57,59.1,61.95,55.32
2025-03-11 00:00:00+00:00,59.9,59.57,62.68,59.0
2025-03-12 00:00:00+00:00,56.89,59.9,60.83,56.89
2025-03-13 00:00:00+00:00,55.42,56.89,57.23,55.42
2025-03-14 00:00:00+00:00,53.27,55.42,55.5,52.81
2025-03-15 00:00:00+00:00,53.46,53.27,53.67,52.17
2025-03-16 00:00:00+00:00,55.27,53.46,55.74,53.28
2025-03-17 00:00:00+00:00,52.86,55.27,55.32,52.85
2025-03-18 00:00:00+00:00,52.0,52.86,54.35,51.84
2025-03-19 00:00:00+00:00,54.02,52.0,54.02,51.23
2025-03-20 00:00:00+00:00,49.01,54.02,54.16,48.97
2025-03-21 00:00:00+00:00,47.56,49.01,49.7,47.56
2025-03-22 00:00:00+00:00,48.88,47.56,49.2,46.93
2025-03-23 00:00:00+00:00,47.66,48.88,48.88,47.22
2025-03-24 00:00:00+00:00,47.32,47.66,48.42,47.06
2025-03-25 00:00:00+00:00,46.99,47.32,47.94,46.54
2025-03-26 00:00:00+00:00,47.27,46.99,47.63,46.23
2025-03-27 00:00:00+00:00,46.61,47.27,47.28,45.42
2025-03-28 00:00:00+00:00,49.93,46.61,52.25,46.18
2025-03-29 00:00:00+00:00,52.69,49.93,52.83,49.2
2025-03-30 00:00:00+00:00,53.73,52.69,54.04,51.26
2025-03-31 00:00:00+00:00,51.02,53.73,54.42,50.97
2025-04-01 00:00:00+00:00,49.55,49.67,50.52,48.95
2025-04-02 00:00:00+00:00,52.61,49.55,52.78,48.62
2025-04-03 00:00:00+00:00,52.64,52.61,53.55,50.15
2025-04-04 00:00:00+00:00,55.33,52.64,56.03,51.19
2025-04-05 00:00:00+00:00,57.1,55.33,57.29,55.18
2025-04-06 00:00:00+00:00,59.59,57.1,62.25,57.0
2025-04-07 00:00:00+00:00,52.79,59.59,63.21,52.49
2025-04-08 00:00:00+00:00,56.84,52.79,56.9,52.25
2025-04-09 00:00:00+00:00,53.04,56.84,62.66,52.86
2025-04-10 00:00:00+00:00,53.56,53.04,55.57,50.61
2025-04-11 00:00:00+00:00,56.15,53.56,56.78,52.6
2025-04-12 00:00:00+00:00,57.45,56.15,57.52,55.35
2025-04-13 00:00:00+00:00,56.29,57.45,57.76,55.17
2025-04-14 00:00:00+00:00,53.31,56.29,56.4,52.34
2025-04-15 00:00:00+00:00,50.39,52.02,52.4,49.97
2025-04-16 00:00:00+00:00,49.58,50.39,50.56,49.0
2025-04-17 00:00:00+00:00,48.41,49.58,49.63,48.28
2025-04-18 00:00:00+00:00,46.9,48.41,48.44,46.41
2025-04-19 00:00:00+00:00,48.29,46.9,48.43,46.83
2025-04-20 00:00:00+00:00,48.2,48.3,48.46,47.71
2025-04-21 00:00:00+00:00,49.16,48.2,50.71,48.2
2025-04-22 00:00:00+00:00,52.69,49.16,52.71,49.0
2025-04-23 00:00:00+00:00,49.42,52.69,52.86,49.4
2025-04-24 00:00:00+00:00,46.96,49.42,49.42,46.66
2025-04-25 00:00:00+00:00,46.45,46.96,48.71,46.44
2025-04-26 00:00:00+00:00,47.42,46.45,47.64,46.08
2025-04-27 00:00:00+00:00,48.12,47.42,48.35,47.33
2025-04-28 00:00:00+00:00,47.05,48.12,48.61,46.38
2025-04-29 00:00:00+00:00,46.17,47.05,47.24,46.04
2025-04-30 00:00:00+00:00,45.07,46.17,46.79,45.02
2025-05-01 00:00:00+00:00,46.11,45.07,46.97,44.74
2025-05-02 00:00:00+00:00,44.54,46.11,48.1,44.38
2025-05-03 00:00:00+00:00,44.9,44.54,45.41,44.2
2025-05-04 00:00:00+00:00,46.35,44.9,46.38,44.73
2025-05-05 00:00:00+00:00,45.0,46.35,46.87,44.89
2025-05-06 00:00:00+00:00,46.66,45.0,46.66,44.86
2025-05-07 00:00:00+00:00,44.8,46.66,47.26,44.59
2025-05-08 00:00:00+00:00,45.88,44.8,47.17,44.55
2025-05-09 00:00:00+00:00,45.78,45.88,46.36,45.21
2025-05-10 00:00:00+00:00,47.13,45.78,47.59,45.6
2025-05-11 00:00:00+00:00,47.13,47.13,48.34,46.06
2025-05-12 00:00:00+00:00,45.44,47.13,48.45,45.29
2025-05-13 00:00:00+00:00,45.71,44.83,45.96,44.65
2025-05-14 00:00:00+00:00,44.79,45.71,45.76,44.65
2025-05-15 00:00:00+00:00,43.57,44.79,44.85,43.07
2025-05-16 00:00:00+00:00,42.62,43.57,43.61,41.56
2025-05-17 00:00:00+00:00,43.13,42.62,43.25,42.21
2025-05-18 00:00:00+00:00,44.93,43.13,45.79,43.04
2025-05-19 00:00:00+00:00,44.02,44.93,45.24,43.77
2025-05-20 00:00:00+00:00,47.3,44.02,47.38,44.01
2025-05-21 00:00:00+00:00,49.13,47.3,49.24,46.31
2025-05-22 00:00:00+00:00,49.0,49.13,49.84,47.71
2025-05-23 00:00:00+00:00,47.68,49.0,49.0,45.6
2025-05-24 00:00:00+00:00,47.53,47.68,48.54,46.96
2025-05-25 00:00:00+00:00,48.96,47.53,49.34,47.34
2025-05-26 00:00:00+00:00,47.13,48.97,48.97,46.48
2025-05-27 00:00:00+00:00,46.16,47.13,47.43,45.3
2025-05-28 00:00:00+00:00,45.24,46.16,46.46,43.47
2025-05-29 00:00:00+00:00,44.61,45.24,45.24,43.54
2025-05-30 00:00:00+00:00,43.71,44.61,47.41,43.64
2025-05-31 00:00:00+00:00,45.88,43.72,46.61,42.94
2025-06-01 00:00:00+00:00,45.13,45.88,46.68,45.08
2025-06-02 00:00:00+00:00,42.97,45.13,45.22,42.38
2025-06-03 00:00:00+00:00,42.83,42.97,43.72,42.47
2025-06-04 00:00:00+00:00,42.18,42.83,43.08,41.83
2025-06-05 00:00:00+00:00,42.76,42.18,43.45,41.44
2025-06-06 00:00:00+00:00,40.53,42.76,42.89,40.52
2025-06-07 00:00:00+00:00,41.99,40.53,42.12,40.53
2025-06-08 00:00:00+00:00,42.52,41.99,42.64,41.54
2025-06-09 00:00:00+00:00,42.61,42.52,42.85,41.46
2025-06-10 00:00:00+00:00,42.51,41.89,42.8,41.65
2025-06-11 00:00:00+00:00,40.95,42.51,42.69,40.86
2025-06-12 00:00:00+00:00,39.77,40.95,41.4,39.57
2025-06-13 00:00:00+00:00,40.72,39.77,43.96,39.77
2025-06-14 00:00:00+00:00,41.0,40.72,41.31,40.46
2025-06-15 00:00:00+00:00,42.32,41.0,42.79,40.91
2025-06-16 00:00:00+00:00,41.73,42.32,42.32,40.28
2025-06-17 00:00:00+00:00,41.62,41.73,42.19,40.72
2025-06-18 00:00:00+00:00,39.69,41.62,41.7,39.6
2025-06-19 00:00:00+00:00,40.21,39.69,40.64,39.65
2025-06-20 00:00:00+00:00,40.67,40.21,41.53,39.03
2025-06-21 00:00:00+00:00,41.01,40.67,41.43,38.9
2025-06-22 00:00:00+00:00,41.75,41.01,44.63,40.42
2025-06-23 00:00:00+00:00,39.86,41.75,42.15,39.54
2025-06-24 00:00:00+00:00,39.05,39.87,41.2,39.0
2025-06-25 00:00:00+00:00,38.4,39.04,39.28,37.9
2025-06-26 00:00:00+00:00,38.25,38.4,39.32,37.71
2025-06-27 00:00:00+00:00,38.1,38.25,38.34,36.27
2025-06-28 00:00:00+00:00,37.71,38.1,38.16,36.79
2025-06-29 00:00:00+00:00,39.34,37.71,39.42,37.7
2025-06-30 00:00:00+00:00,37.74,39.34,39.34,37.69
2025-07-01 00:00:00+00:00,37.61,37.14,38.23,36.99
2025-07-02 00:00:00+00:00,39.6,37.61,40.44,37.48
2025-07-03 00:00:00+00:00,39.08,39.6,40.93,38.66
2025-07-04 00:00:00+00:00,39.21,39.08,39.63,36.79
2025-07-05 00:00:00+00:00,38.54,39.21,39.21,38.47
2025-07-06 00:00:00+00:00,38.98,38.54,39.0,38.24
2025-07-07 00:00:00+00:00,38.71,38.98,39.51,38.46
2025-07-08 00:00:00+00:00,37.77,38.71,39.04,37.67
2025-07-09 00:00:00+00:00,38.77,37.77,40.09,37.08
2025-07-10 00:00:00+00:00,38.62,38.77,40.21,37.98
2025-07-11 00:00:00+00:00,37.94,38.62,40.24,37.51
2025-07-12 00:00:00+00:00,38.2,37.94,38.43,37.18
2025-07-13 00:00:00+00:00,39.24,38.2,40.62,38.18
2025-07-14 00:00:00+00:00,39.64,39.24,40.64,38.79
2025-07-15 00:00:00+00:00,39.93,39.64,41.81,39.44
2025-07-16 00:00:00+00:00,39.07,39.93,40.96,37.98
2025-07-17 00:00:00+00:00,39.47,39.07,40.89,38.28
2025-07-18 00:00:00+00:00,38.6,39.47,40.7,37.63
2025-07-19 00:00:00+00:00,38.85,38.6,39.01,38.13
2025-07-20 00:00:00+00:00,39.23,38.85,39.89,38.63
2025-07-21 00:00:00+00:00,39.28,39.23,40.42,38.49
2025-07-22 00:00:00+00:00,39.88,39.28,39.88,38.04
2025-07-23 00:00:00+00:00,39.58,39.88,40.17,38.99
2025-07-24 00:00:00+00:00,40.22,39.58,40.85,38.61
2025-07-25 00:00:00+00:00,40.06,40.22,43.01,39.21
2025-07-26 00:00:00+00:00,38.95,40.06,40.16,38.56
2025-07-27 00:00:00+00:00,39.37,38.95,40.55,38.73
2025-07-28 00:00:00+00:00,38.27,39.37,41.05,38.21
2025-07-29 00:00:00+00:00,35.18,38.27,38.78,34.86
2025-07-30 00:00:00+00:00,36.13,35.18,37.3,35.16
2025-07-31 00:00:00+00:00,36.73,36.13,37.02,35.79
2025-08-01 00:00:00+00:00,38.42,36.73,38.74,35.61
2025-08-02 00:00:00+00:00,37.67,38.42,38.45,36.65
2025-08-03 00:00:00+00:00,38.03,37.67,38.4,37.4
2025-08-04 00:00:00+00:00,36.89,38.03,38.1,36.78
2025-08-05 00:00:00+00:00,36.01,36.32,36.58,35.45
2025-08-06 00:00:00+00:00,34.88,36.01,36.11,34.87
2025-08-07 00:00:00+00:00,35.66,34.88,35.68,33.98
2025-08-08 00:00:00+00:00,34.4,35.66,35.73,33.53
2025-08-09 00:00:00+00:00,35.07,34.4,35.21,33.77
2025-08-10 00:00:00+00:00,35.43,35.07,36.19,34.29
2025-08-11 00:00:00+00:00,36.56,35.43,37.93,35.04
2025-08-12 00:00:00+00:00,36.94,36.56,37.09,35.33
2025-08-13 00:00:00+00:00,39.0,37.41,39.89,37.07
2025-08-14 00:00:00+00:00,36.95,39.0,39.63,36.25
2025-08-15 00:00:00+00:00,35.37,36.95,37.03,35.14
2025-08-16 00:00:00+00:00,35.38,35.37,35.46,34.93
2025-08-17 00:00:00+00:00,35.83,35.38,35.85,35.07
2025-08-18 00:00:00+00:00,35.99,35.83,38.1,35.62
2025-08-19 00:00:00+00:00,37.87,35.99,38.54,35.6
2025-08-20 00:00:00+00:00,36.02,37.87,38.01,35.91
2025-08-21 00:00:00+00:00,37.25,36.02,37.25,35.73
2025-08-22 00:00:00+00:00,34.53,37.25,37.97,33.63
2025-08-23 00:00:00+00:00,34.97,34.53,35.13,34.36
2025-08-24 00:00:00+00:00,35.07,34.97,36.87,34.3
2025-08-25 00:00:00+00:00,37.93,35.07,38.87,34.8
2025-08-26 00:00:00+00:00,36.92,37.93,40.17,36.92
2025-08-27 00:00:00+00:00,37.91,36.92,38.52,36.69
2025-08-28 00:00:00+00:00,36.95,37.91,38.12,36.21
2025-08-29 00:00:00+00:00,38.98,36.95,41.7,36.91
2025-08-30 00:00:00+00:00,38.85,38.98,39.4,38.36
2025-08-31 00:00:00+00:00,39.62,38.85,40.0,38.19
2025-09-01 00:00:00+00:00,39.5,39.62,39.89,37.39
2025-09-02 00:00:00+00:00,38.8,39.33,40.28,38.69
2025-09-03 00:00:00+00:00,38.85,38.8,38.88,37.97
2025-09-04 00:00:00+00:00,38.48,38.85,39.17,38.37
2025-09-05 00:00:00+00:00,37.49,38.48,38.74,36.23
2025-09-06 00:00:00+00:00,37.76,37.49,38.03,37.04
2025-09-07 00:00:00+00:00,37.9,37.76,37.9,37.43
2025-09-08 00:00:00+00:00,37.08,37.9,38.17,36.46
2025-09-09 00:00:00+00:00,37.36,37.08,37.9,36.73
2025-09-10 00:00:00+00:00,36.95,37.36,37.86,36.74
2025-09-11 00:00:00+00:00,35.26,36.95,37.03,35.26
2025-09-12 00:00:00+00:00,34.66,35.26,35.56,34.02
2025-09-13 00:00:00+00:00,34.28,34.66,34.79,34.19
2025-09-14 00:00:00+00:00,34.41,34.28,34.87,33.85
2025-09-15 00:00:00+00:00,35.56,34.41,35.98,34.26
2025-09-16 00:00:00+00:00,36.52,35.56,36.7,35.12
2025-09-17 00:00:00+00:00,35.55,36.52,37.45,34.99
2025-09-18 00:00:00+00:00,33.81,35.55,35.58,32.87
2025-09-19 00:00:00+00:00,34.78,33.81,35.6,33.4
2025-09-20 00:00:00+00:00,34.48,34.78,34.78,34.11
2025-09-21 00:00:00+00:00,34.51,34.48,34.62,34.06
2025-09-22 00:00:00+00:00,35.17,34.51,38.09,34.51
2025-09-23 00:00:00+00:00,37.14,35.17,37.17,35.09
2025-09-24 00:00:00+00:00,36.17,37.14,37.25,35.28
2025-09-25 00:00:00+00:00,37.69,36.17,37.98,35.68
2025-09-26 00:00:00+00:00,36.55,37.69,38.11,35.82
2025-09-27 00:00:00+00:00,36.42,36.55,36.87,36.35
2025-09-28 00:00:00+00:00,35.86,36.42,36.83,35.71
2025-09-29 00:00:00+00:00,36.39,35.86,36.96,35.21
2025-09-30 00:00:00+00:00,36.61,36.39,37.06,35.64
2025-10-01 00:00:00+00:00,37.12,36.61,37.7,35.9
2025-10-02 00:00:00+00:00,37.39,37.12,37.9,36.74
2025-10-03 00:00:00+00:00,38.03,37.39,38.96,36.81
2025-10-04 00:00:00+00:00,38.03,38.03,38.29,37.49
2025-10-05 00:00:00+00:00,37.95,38.03,39.66,37.92
2025-10-06 00:00:00+00:00,39.26,37.95,39.42,37.67
2025-10-07 00:00:00+00:00,39.28,39.07,39.39,38.54
2025-10-08 00:00:00+00:00,39.44,39.28,40.03,38.54
2025-10-09 00:00:00+00:00,39.73,39.44,40.44,39.33
2025-10-10 00:00:00+00:00,44.11,39.73,64.88,39.45
2025-10-11 00:00:00+00:00,46.15,44.11,48.54,43.69
2025-10-12 00:00:00+00:00,46.24,46.15,47.82,43.42
2025-10-13 00:00:00+00:00,43.38,46.24,46.51,42.87
2025-10-14 00:00:00+00:00,45.01,43.38,47.71,43.18
2025-10-15 00:00:00+00:00,45.25,45.01,45.73,44.07
2025-10-16 00:00:00+00:00,47.78,45.25,48.52,44.67
2025-10-17 00:00:00+00:00,50.0,47.78,51.0,45.75
2025-10-18 00:00:00+00:00,49.08,50.0,50.03,48.2
2025-10-19 00:00:00+00:00,47.68,49.08,50.78,46.58
2025-10-20 00:00:00+00:00,45.95,47.68,49.62,45.09
2025-10-21 00:00:00+00:00,49.27,45.95,49.64,45.53
2025-10-22 00:00:00+00:00,50.7,49.27,51.24,47.08
2025-10-23 00:00:00+00:00,45.13,50.7,50.7,45.12
2025-10-24 00:00:00+00:00,42.84,45.13,45.18,42.69
2025-10-25 00:00:00+00:00,42.9,42.84,43.39,42.32
2025-10-26 00:00:00+00:00,43.91,42.9,44.17,42.41
2025-10-27 00:00:00+00:00,42.82,43.91,43.91,42.04
2025-10-28 00:00:00+00:00,42.39,42.82,43.07,40.44
2025-10-29 00:00:00+00:00,45.07,42.39,45.53,42.39
2025-10-30 00:00:00+00:00,44.85,45.07,47.15,43.79
2025-10-31 00:00:00+00:00,43.31,44.85,44.85,42.74
2025-11-01 00:00:00+00:00,43.49,43.31,43.82,42.73
2025-11-02 00:00:00+00:00,44.12,43.49,44.9,43.45
2025-11-03 00:00:00+00:00,45.73,44.12,46.83,43.6
2025-11-04 00:00:00+00:00,47.79,45.73,50.56,44.93
2025-11-05 00:00:00+00:00,46.55,47.79,50.48,46.26
2025-11-06 00:00:00+00:00,46.94,46.55,48.13,44.11
2025-11-07 00:00:00+00:00,44.61,46.93,47.78,44.27
2025-11-08 00:00:00+00:00,44.88,44.61,45.08,43.04
2025-11-09 00:00:00+00:00,45.11,44.88,47.24,44.88
2025-11-10 00:00:00+00:00,44.3,45.11,45.14,44.28
2025-11-11 00:00:00+00:00,46.61,44.3,47.44,43.56
2025-11-12 00:00:00+00:00,46.07,46.61,46.95,44.75
2025-11-13 00:00:00+00:00,46.52,46.08,46.96,43.93
2025-11-14 00:00:00+00:00,49.71,46.52,50.58,45.87
2025-11-15 00:00:00+00:00,48.5,49.71,49.71,48.01
2025-11-16 00:00:00+00:00,49.64,48.5,50.7,48.36
2025-11-17 00:00:00+00:00,50.62,49.64,51.71,47.9
2025-11-18 00:00:00+00:00,50.52,50.62,52.78,50.13
2025-11-19 00:00:00+00:00,51.04,50.52,53.61,50.47
2025-11-20 00:00:00+00:00,54.65,51.04,54.72,50.07
2025-11-21 00:00:00+00:00,57.38,54.65,62.18,54.01
2025-11-22 00:00:00+00:00,59.16,57.38,59.16,56.85
2025-11-23 00:00:00+00:00,56.5,59.16,59.16,56.2
2025-11-24 00:00:00+00:00,53.31,56.5,57.36,52.25
2025-11-25 00:00:00+00:00,52.56,53.77,53.92,52.34
2025-11-26 00:00:00+00:00,49.92,52.56,52.69,49.41
2025-11-27 00:00:00+00:00,49.31,49.92,50.35,48.83
2025-11-28 00:00:00+00:00,48.7,49.31,49.59,47.01
2025-11-29 00:00:00+00:00,49.13,48.7,49.43,48.67
2025-11-30 00:00:00+00:00,48.78,49.13,49.34,48.03
2025-12-01 00:00:00+00:00,53.13,48.78,54.76,48.78
2025-12-02 00:00:00+00:00,49.24,53.13,53.14,48.95
2025-12-03 00:00:00+00:00,47.44,49.24,49.28,47.27
2025-12-04 00:00:00+00:00,48.03,47.44,48.43,46.44
2025-12-05 00:00:00+00:00,48.94,48.03,50.78,47.15
2025-12-06 00:00:00+00:00,49.0,48.94,49.04,48.13
2025-12-07 00:00:00+00:00,49.65,49.0,52.31,48.96
2025-12-08 00:00:00+00:00,49.01,49.64,49.73,48.41
2025-12-09 00:00:00+00:00,46.44,49.01,49.1,46.39
2025-12-10 00:00:00+00:00,44.92,46.44,47.7,44.78
2025-12-11 00:00:00+00:00,44.46,44.92,47.19,43.55
2025-12-12 00:00:00+00:00,44.22,44.46,44.85,43.04
2025-12-13 00:00:00+00:00,44.65,44.22,44.91,43.62
2025-12-14 00:00:00+00:00,46.74,44.65,47.11,44.65
2025-12-15 00:00:00+00:00,46.68,46.74,46.88,43.7
2025-12-16 00:00:00+00:00,45.69,46.39,46.9,45.69
2025-12-17 00:00:00+00:00,47.0,45.69,47.99,44.86
2025-12-18 00:00:00+00:00,47.48,47.0,47.55,44.77
2025-12-19 00:00:00+00:00,45.06,47.48,47.54,45.03
2025-12-20 00:00:00+00:00,45.11,45.06,45.18,44.51
2025-12-21 00:00:00+00:00,45.07,45.11,45.95,45.0
2025-12-22 00:00:00+00:00,45.09,45.07,45.5,44.62
2025-12-23 00:00:00+00:00,43.4,45.09,45.1,43.34
2025-12-24 00:00:00+00:00,42.81,43.4,43.77,42.55
2025-12-25 00:00:00+00:00,42.55,42.81,42.88,41.51
2025-12-26 00:00:00+00:00,41.04,42.55,43.04,41.02
2025-12-27 00:00:00+00:00,41.83,41.04,41.88,40.94
2025-12-28 00:00:00+00:00,42.11,41.83,42.55,41.7
2025-12-29 00:00:00+00:00,42.25,42.11,43.0,41.46
2025-12-30 00:00:00+00:00,42.79,42.25,43.03,41.88
2025-12-31 00:00:00+00:00,43.01,42.79,43.57,42.12
2026-01-01 00:00:00+00:00,42.22,43.01,43.15,41.7
2026-01-02 00:00:00+00:00,43.43,42.22,43.71,42.18
2026-01-03 00:00:00+00:00,44.4,43.43,44.48,42.86
2026-01-04 00:00:00+00:00,44.39,44.4,44.8,44.34
2026-01-05 00:00:00+00:00,43.94,44.39,46.39,43.75
2026-01-06 00:00:00+00:00,44.09,43.94,44.73,43.12
2026-01-07 00:00:00+00:00,44.64,44.09,44.75,43.35
2026-01-08 00:00:00+00:00,43.24,44.64,45.03,43.14
2026-01-09 00:00:00+00:00,40.52,43.24,43.26,40.26
2026-01-10 00:00:00+00:00,41.03,40.52,41.58,40.16
2026-01-11 00:00:00+00:00,41.68,41.03,42.77,41.02
2026-01-12 00:00:00+00:00,41.27,41.68,41.92,41.03
2026-01-13 00:00:00+00:00,41.69,40.13,42.29,40.1
2026-01-14 00:00:00+00:00,40.81,41.69,41.76,40.75
2026-01-15 00:00:00+00:00,40.61,40.81,41.06,39.22
2026-01-16 00:00:00+00:00,38.27,40.61,40.67,37.99
2026-01-17 00:00:00+00:00,39.08,38.27,39.16,37.76
2026-01-18 00:00:00+00:00,40.23,39.08,40.23,38.93
2026-01-19 00:00:00+00:00,39.76,40.23,40.6,39.67
